{"gbm": {"mae": 480066.76803784654, "mse": 1764165394239.055, "rmse": 1328218.8803954923}}