{"nn": {"mae": 1433584.105292253, "mse": 197084714498.2643324, "rmse": 443942.24230036914}}

