{"svr": {"mae": 718257.0903186462, "mse": 4949047364734.264, "rmse": 2224645.446972228}}