{"xgb": {"mae": 1333414.2126299362, "mse": 237559675055.976766, "rmse": 487400.9387098868}}
